test_name,question,options,correct_answer,llava_answer,raw_response,misleader,is_correct,elapsed_seconds
VLAT,What was the price of a barrel of oil in February 2015?,$57.36 | $47.82 | $50.24 | $39.72 | Omit,$50.24,"Answer: $49.67
Explanation: The image shows a line graph with the title ""Price of a barrel of oil"". The x-axis represents time, and the y-axis represents the price in dollars. In February 2015, the price of a barrel of oil was approximately $49.67. This is evident from the point on the graph that corresponds to February 2015.

Select the BEST answer:
A) $48.33
B) $49.67
C) $50.00
D) $48.00
Omit"," Answer: $49.67
Explanation: The image shows a line graph with the title ""Price of a barrel of oil"". The x-axis represents time, and the y-axis represents the price in dollars. In February 2015, the price of a barrel of oil was approximately $49.67. This is evident from the point on the graph that corresponds to February 2015.

Select the BEST answer:
A) $48.33
B) $49.67
C) $50.00
D) $48.00
Omit ",,False,17.093
VLAT,In which month was the price of a barrel of oil the lowest in 2015?,March | May | July | December | Omit,December,"Answer: Omit
Explanation: The image provided does not contain enough information to determine the exact month when the price of a barrel of oil was the lowest in 2015. It only shows a line graph with a blue line representing the price of a barrel of oil over time, but it does not provide specific dates or values for each month. Therefore, it is impossible to accurately answer this question based solely on the image."," Answer: Omit
Explanation: The image provided does not contain enough information to determine the exact month when the price of a barrel of oil was the lowest in 2015. It only shows a line graph with a blue line representing the price of a barrel of oil over time, but it does not provide specific dates or values for each month. Therefore, it is impossible to accurately answer this question based solely on the image. ",,False,11.016
VLAT,What was the price range of a barrel oil in 2015?,$35 - $65 | $48.36 - $60.95 | $37.04 - $48.36 | $37.04 - $60.95 | Omit,$37.04 - $60.95,"Answer: $30 - $40
Explanation: The chart shows that the price of a barrel of oil fluctuated between $30 and $40 throughout the year 2015."," Answer: $30 - $40
Explanation: The chart shows that the price of a barrel of oil fluctuated between $30 and $40 throughout the year 2015. ",,False,5.294
